Batt_name,cycle,dateTime,amb_temp,voltage_battery,temp_battery,current_battery,time,Online_Capacity
1,1, '2008-04-02 15:25:41',24,2.75725191265608,38.668603538518,-2.01411159372913,3327.234,1.85648742
1,2, '2008-04-02 19:43:48',24,2.75786842219349,38.7078373480526,-2.01368630945163,3309.188,1.84639325801657
1,3, '2008-04-03 00:01:06',24,2.80980234292391,38.5428908871632,-2.01466844442368,3289.766,1.8355241217589
1,4, '2008-04-03 04:16:37',24,2.77358061133931,38.438970955748,-2.01233154049467,3289.86,1.83557666597135
1,5, '2008-04-03 08:33:25',24,2.74510081872137,38.3247518238195,-2.01290081408113,3287.938,1.83450200059227
1,6, '2008-04-03 12:55:10',24,2.73153213087054,38.4098746685307,-2.01502797168038,3289.531,1.83539365046974
1,7, '2008-04-03 17:17:16',24,2.71286779459578,38.4568149743051,-2.01050903595425,3288.75,1.83495748170389
1,8, '2008-04-03 21:28:14',24,2.82916599677176,38.2688701584939,-2.01280355041937,3271.906,1.82553979753631
1,9, '2008-04-04 01:38:15',24,2.79277522747907,38.2512128219587,-2.0106946903496,3270.187,1.82457969082167
1,10, '2008-04-04 05:48:08',24,2.76102813724738,38.2282489833267,-2.01261548437431,3270.594,1.82480722818338
1,11, '2008-04-04 09:57:19',24,2.70885114029053,38.1748437664361,-2.01500103849761,3270.609,1.82481562402104
1,12, '2008-04-04 17:56:27',24,2.82329372765337,38.2654338622879,-2.01362966178623,3251.313,1.81402256903386
1,13, '2008-04-04 22:01:54',24,2.77672575718759,38.2743769692816,-2.01216499134491,3251.188,1.81395270219388
1,14, '2008-04-05 02:20:26',24,2.74854949814594,38.1927939118158,-2.01224948335503,3250.641,1.81364695206405
1,15, '2008-04-05 06:25:01',24,2.85206980171835,37.9682199851909,-2.01087000010629,3231.484,1.80294633078849
1,16, '2008-04-05 10:30:32',24,2.81820339243858,37.9223261050061,-2.01163852284952,3230.391,1.80233557498141
1,17, '2008-04-05 14:34:41',24,2.77891931627549,38.0104037101192,-2.01259893740674,3230.781,1.80255360653296
1,18, '2008-04-05 18:39:25',24,2.72814914747812,38.1110228471569,-2.01396642148373,3231.515,1.8029642319089
1,19, '2008-04-05 22:46:35',24,2.70666931415065,38.140575688939,-2.01238003022702,3230.969,1.80265902093765
1,20, '2008-04-18 21:10:19',24,2.8076010640963,38.2157609667952,-2.01312759822902,3310.328,1.84703674123428
1,21, '2008-04-19 02:29:09',24,2.73453863105366,38.6923324072127,-2.01619095162335,3311.313,1.84758839348076
1,22, '2008-04-19 07:47:15',24,2.80526199956449,38.2694829625562,-2.01363996985384,3291.688,1.83661125892288
1,23, '2008-04-19 13:01:42',24,2.8515946185636,37.941113225424,-2.01193644963612,3272.86,1.82608883129128
1,24, '2008-04-19 18:27:29',24,2.80841839219406,37.9045344099365,-2.0162494020496,3271.5,1.82532713707273
1,25, '2008-04-19 23:41:55',24,2.73357468660276,37.9399155214009,-2.01179171366335,3272.5,1.8258859681043
1,26, '2008-04-20 04:54:41',24,2.84758544065218,37.7321509634764,-2.01340186313011,3251.563,1.81417635843531
1,27, '2008-04-20 10:16:28',24,2.76307719747552,37.7845784861252,-2.01189516721322,3252.937,1.81494423175747
1,28, '2008-04-20 15:37:05',24,2.71583943653575,37.8116019908858,-2.0139577274562,3251.203,1.81397417545208
1,29, '2008-04-20 20:50:38',24,2.8340036219974,37.7192740508938,-2.01091549885846,3231.109,1.80274991544261
1,30, '2008-04-21 02:15:02',24,2.75924779751179,37.8444271380594,-2.00919333412335,3233.641,1.80416304808761
1,31, '2008-04-22 15:33:49',24,2.72476415944368,38.2827355129923,-2.01297148913989,3317.218,1.85089585868424
1,32, '2008-04-22 20:26:18',24,2.72878381924187,38.2808055486561,-2.01351483202166,3279.812,1.82997432096018
1,33, '2008-04-23 01:18:11',24,2.74817909034246,38.0581652991684,-2.01284367260671,3260.734,1.81930736774185
1,34, '2008-04-23 06:18:19',24,2.76282083409631,37.7298682273826,-2.01140381429464,3242,1.80884024578157
1,35, '2008-04-23 11:08:00',24,2.71553020171004,37.6999805779566,-2.01203334364902,3233.672,1.80418574197993
1,36, '2008-04-23 16:06:25',24,2.75035076044077,38.2180071230516,-2.01250112961933,3223.766,1.79864800970493
1,37, '2008-04-23 21:02:58',24,2.78014072788077,37.8948214215837,-2.01328752508147,3204.578,1.78791718719625
1,38, '2008-04-24 01:51:33',24,2.750365797588,37.7554302470399,-2.01251961526487,3194.844,1.78247555776986
1,39, '2008-04-24 06:50:00',24,2.7791377646462,37.6119853489923,-2.01061226220088,3177.046,1.7725353141469
1,40, '2008-04-24 11:49:24',24,2.7096617581651,38.0725092530944,-2.01214224234537,3176.359,1.77215133033565
1,41, '2008-04-24 16:45:56',24,2.75195272212776,38.5364178099035,-2.01033386676398,3167.235,1.76705625083556
1,42, '2008-04-24 21:38:11',24,2.75383249346533,38.4864392961419,-2.01496519241114,3157.359,1.76152852965771
1,43, '2008-04-25 12:03:44',24,2.83351223864515,38.1789023761432,-2.0134034438034,3168.328,1.76766325809523
1,44, '2008-04-25 20:03:55',24,2.7319319278032,38.1122515731991,-2.01210820900037,3158.296,1.76205618321948
1,45, '2008-04-26 01:04:35',24,2.74370892185107,37.8715736945804,-2.01045718869525,3138.812,1.751175142146
1,46, '2008-04-26 05:57:35',24,2.76842395375148,37.6759076157277,-2.01328218673237,3120.796,1.74109978329151
1,47, '2008-04-26 10:58:25',24,2.74963517450468,37.9191614570094,-2.01363593876019,3110.641,1.73541965191425
1,48, '2008-04-29 12:15:56',24,2.70049616272764,40.4279662962378,-2.01381238616145,3213.953,1.79321159225845
1,49, '2008-04-29 17:05:27',24,2.7577514995472,39.6763644559334,-2.01030278640901,3195.266,1.78277644554467
1,50, '2008-04-29 22:00:04',24,2.75727250069356,38.9857265549321,-2.01180704196751,3167.157,1.76706814439393
1,51, '2008-04-30 02:43:55',24,2.71995731300174,38.6669258206908,-2.01306776942208,3148.844,1.75682778048798
1,52, '2008-04-30 07:41:42',24,2.74582795145205,38.3825372481061,-2.01294995714291,3130.297,1.74645717413933
1,53, '2008-04-30 12:28:49',24,2.70435704411542,38.6142310318476,-2.01116813811334,3120.844,1.74117618180333
1,54, '2008-04-30 17:20:16',24,2.70599485618049,39.050037294997,-2.01112164484092,3111.296,1.73584224028529
1,55, '2008-04-30 22:14:54',24,2.71491825040562,38.6311577040665,-2.01315456254607,3093.25,1.72575074383093
1,56, '2008-05-01 03:15:33',24,2.74344275692658,38.6318218946694,-2.01138519496453,3074.437,1.71523958003291
1,57, '2008-05-01 08:16:03',24,2.72940133777898,38.5572131020903,-2.01103571389061,3064.703,1.70980196291096
1,58, '2008-05-01 13:14:24',24,2.7237106752932,38.8444746394043,-2.01237092071676,3056.187,1.70504158769962
1,59, '2008-05-01 18:11:10',24,2.73299431574383,39.1344756558555,-2.01591224312213,3046.328,1.69952078803158
1,60, '2008-05-01 23:10:15',24,2.70686710092074,38.9109685444803,-2.01408159862517,3036.406,1.69396975535893
1,61, '2008-05-02 03:53:34',24,2.73159514304973,38.8572309066275,-2.01365866536095,3018.969,1.6842163758734
1,62, '2008-05-02 08:44:40',24,2.76026820304298,38.684284842154,-2.00954783966238,3000.235,1.67375891219889
1,63, '2008-05-02 13:43:05',24,2.71538182400324,39.1079016737335,-2.01084320600772,3000.36,1.67382873314355
1,64, '2008-05-02 19:07:48',24,2.75105931870469,38.8544793952089,-2.01089009172205,2981.797,1.66345980181781
1,65, '2008-05-02 23:24:17',24,2.75528325042308,39.1797052789458,-2.01523893198223,2972.625,1.65832542085
1,66, '2008-05-03 04:13:08',24,2.71357542148865,39.228710728858,-2.01095594888607,2963.469,1.65321088955333
1,67, '2008-05-03 09:10:19',24,2.75365662564325,39.062994215411,-2.01349340607692,2943.75,1.64218197942154
1,68, '2008-05-03 14:04:34',24,2.72792642960626,39.1573046622364,-2.01212929252004,2935,1.63729138739111
1,69, '2008-05-03 18:58:13',24,2.73378838329713,39.237958114356,-2.01177629113036,2925.562,1.63201718054787
1,70, '2008-05-03 23:42:30',24,2.71535265541306,39.3333661102707,-2.01397237759027,2916.81299999999,1.62712266823355
1,71, '2008-05-04 04:41:40',24,2.70514282814592,39.384394304774,-2.01127349993608,2906.594,1.62141344492915
1,72, '2008-05-04 09:40:11',24,2.75709833459777,39.2324228492853,-2.0099501822993,2887.297,1.61063955363253
1,73, '2008-05-04 14:38:13',24,2.7325166783078,39.3539899431896,-2.01344701998357,2878.719,1.60584195681658
1,74, '2008-05-04 19:37:07',24,2.71169269923894,39.4194656642042,-2.01448483775517,2869.812,1.6008577855805
1,75, '2008-05-05 00:35:53',24,2.758320189284,39.2632375406409,-2.01233479212806,2850.203,1.58989670976415
1,76, '2008-05-05 05:28:13',24,2.73345837506337,39.339627112536,-2.01384372267628,2841.171,1.58484419962437
1,77, '2008-05-05 11:41:31',24,2.71623472521474,39.3266272938842,-2.010947403667,2840.297,1.58435598628248
1,78, '2008-05-05 20:40:08',24,2.73887044476584,39.5366067241212,-2.0128999318347,2859.141,1.5948923991479
1,79, '2008-05-06 01:38:46',24,2.75016182264873,39.138968948408,-2.00991137035511,2822.453,1.57440916904912
1,80, '2008-05-06 06:37:06',24,2.74885413081854,39.0084989289511,-2.01644802265969,2804.094,1.56412584425801
1,81, '2008-05-06 11:25:21',24,2.73694604591,39.1816433221702,-2.01211259965594,2794.797,1.5589295634694
1,82, '2008-05-06 16:23:36',24,2.71298840890949,39.7270584252916,-2.01237898597437,2793.922,1.55844044357697
1,83, '2008-05-06 21:21:49',24,2.72545638942958,39.8668731674019,-2.01337216573058,2785.563,1.55376550526216
1,84, '2008-05-07 02:17:25',24,2.7025749362917,39.8557402592862,-2.01178996945558,2775.141,1.54794137330058
1,85, '2008-05-07 07:04:02',24,2.7283262714331,39.5746625243724,-2.01190221475652,2756.546,1.53754933949964
1,86, '2008-05-07 12:01:49',24,2.7439286374932,39.3449678607917,-2.01098543641459,2738.203,1.52730281009404
1,87, '2008-05-07 16:59:29',24,2.7099034649779,39.7653206379675,-2.01231820368189,2738.578,1.52751242657359
1,88, '2008-05-07 21:56:09',24,2.75358505855255,39.9651367797114,-2.01307272992544,2728.703,1.52199045623803
1,89, '2008-05-08 02:53:49',24,2.7549527098287,40.019085270513,-2.01356082362967,2719.375,1.51677309641503
1,90, '2008-05-09 12:25:07',24,2.75079903588569,39.8088751799369,-2.01134953345948,2877.25,1.60497915408028
1,91, '2008-05-09 20:28:09',24,2.70255497750003,40.2188113010383,-2.01363190875308,2801.844,1.56280139638266
1,92, '2008-05-10 01:21:56',24,2.7046548931404,40.2618709651905,-2.01260712666464,2774.187,1.54733954213206
1,93, '2008-05-10 06:18:12',24,2.75821708716051,40.0047464692807,-2.0130923578959,2746.109,1.53163854012512
1,94, '2008-05-10 11:16:04',24,2.70535514044454,39.9902934631669,-2.00993952433075,2736.484,1.5262647434802
1,95, '2008-05-10 16:11:56',24,2.73573358818952,39.8835650346365,-2.01158440336565,2718.609,1.51627666814405
1,96, '2008-05-10 21:07:54',24,2.72156062658671,40.0167074299544,-2.01279766685299,2709.281,1.51106128574505
1,97, '2008-05-11 02:05:21',24,2.72372872522061,40.054709828305,-2.01203241763342,2699.391,1.50553378557549
1,98, '2008-05-11 06:55:27',24,2.70728935333228,40.1225775168179,-2.01048103536708,2690.906,1.50079519346852
1,99, '2008-05-11 11:52:47',24,2.75857638740594,40.0387974886698,-2.01658942659003,2671.531,1.48994202120736
1,100, '2008-05-11 16:49:58',24,2.75709769080421,40.1121408150252,-2.01396219403668,2662.796,1.48505536571711
1,101, '2008-05-11 21:47:12',24,2.75140216355878,40.1551349606258,-2.01068642847731,2653.265,1.47973207339771
1,102, '2008-05-12 02:36:58',24,2.7504849100035,40.1621276251252,-2.01541990387384,2643.484,1.47425628948666
1,103, '2008-05-12 12:56:34',24,2.70621673322315,40.2862970321426,-2.01272490603784,2662.547,1.48491422695438
1,104, '2008-05-12 18:59:59',24,2.72646414525631,40.7092372746632,-2.01286631335067,2680.829,1.49513623304902
1,105, '2008-05-12 23:53:17',24,2.71395850081895,40.7062690595003,-2.00978069755635,2653.45299999999,1.47985296738893
1,106, '2008-05-13 04:35:25',24,2.73627340781533,40.5642422153677,-2.01333869109693,2633.75,1.46883385288041
1,107, '2008-05-13 09:24:04',24,2.72669000076009,40.4025475324543,-2.01210285549992,2605.656,1.45313162576307
1,108, '2008-05-13 14:20:24',24,2.74861557940113,40.4367636968536,-2.01377321871385,2605.407,1.45299233978211
1,109, '2008-05-13 19:04:20',24,2.7083108687107,40.7555452760935,-2.01581020471274,2606.984,1.45387537664123
1,110, '2008-05-13 23:59:26',24,2.71478551209966,40.9032183201993,-2.01452005050712,2596.969,1.4482710937785
1,111, '2008-05-14 04:55:57',24,2.75627889007513,40.5736543771817,-2.0130965773856,2578.313,1.43783877995969
1,112, '2008-05-14 09:52:22',24,2.75249689350038,40.4960356933048,-2.00986972086098,2568.281,1.43223794300423
1,113, '2008-05-14 14:35:22',24,2.7171405393477,40.8258820065685,-2.01347014094335,2568.344,1.43227317873169
1,114, '2008-05-14 19:31:39',24,2.74524423914326,40.9861310378962,-2.01263338355196,2559.047,1.42707555301867
1,115, '2008-05-15 00:27:55',24,2.74626289759195,40.8779394183806,-2.01262871574208,2550.172,1.42211386417083
1,116, '2008-05-15 05:24:04',24,2.73356305081069,40.7547495292647,-2.00938285813047,2540.609,1.41677616187297
1,117, '2008-05-15 10:20:03',24,2.72833822981619,40.6440977996581,-2.01258193652611,2531.328,1.4115876138305
1,118, '2008-05-15 15:10:59',24,2.70474513627383,40.9479943036561,-2.01329464203958,2531.282,1.41156188839896
1,119, '2008-05-15 19:56:47',24,2.74568496239364,41.1628514358419,-2.01188538075908,2522.156,1.40646175895874
1,120, '2008-05-16 16:54:59',24,2.72538122858966,40.8948179544155,-2.01344993923718,2568.453,1.43235528446898
1,121, '2008-05-16 21:37:39',24,2.71877485134991,41.0751596929671,-2.01138635824764,2577.516,1.43741894962587
1,122, '2008-05-17 02:32:13',24,2.7536151008802,40.751327069483,-2.01131260843241,2540.11,1.41652029422836
1,123, '2008-05-17 07:25:19',24,2.75609703989939,40.5116440124241,-2.01235810358598,2521.719,1.40623993926085
1,124, '2008-05-17 12:21:15',24,2.74254553714765,40.5270253991235,-2.01312024074074,2511.391,1.40046452097019
1,125, '2008-05-17 17:15:37',24,2.73306889724261,40.5640093886987,-2.01465197750048,2503.234,1.3958996553645
1,126, '2008-05-17 22:10:51',24,2.73442784621928,40.5639187703454,-2.01054742178113,2493.766,1.39061191564522
1,127, '2008-05-18 03:05:19',24,2.72667906410672,40.5456404371851,-2.01155539433071,2484.704,1.38554838370538
1,128, '2008-05-18 08:00:50',24,2.73193417724599,40.4614353189484,-2.01624425540677,2474.375,1.37976344289591
1,129, '2008-05-18 12:44:48',24,2.7449587784538,40.4174001862795,-2.01411720936205,2465.031,1.37453568978361
1,130, '2008-05-18 17:36:29',24,2.72365071387371,40.4992456008797,-2.01472282489798,2456.515,1.36976975101227
1,131, '2008-05-18 22:31:45',24,2.70681033195863,40.5813761227405,-2.01209143295693,2456.515,1.36976975101227
1,132, '2008-05-19 03:27:07',24,2.71813542812598,40.5170512099225,-2.01213558885214,2446.437,1.36413688921658
1,133, '2008-05-19 15:34:33',24,2.73866508475281,40.8815792251433,-2.01078253552691,2465.531,1.37480185636474
1,134, '2008-05-19 20:59:48',24,2.75437775914629,40.966996454218,-2.01317123809971,2484.546,1.38543531500153
1,135, '2008-05-20 01:16:42',24,2.75594673722981,40.8800490547881,-2.01357229802877,2455.594,1.36924171912028
1,136, '2008-05-20 06:12:06',24,2.71144006672619,40.8750994946489,-2.01613071868827,2446.344,1.36406138324587
1,137, '2008-05-20 11:07:23',24,2.75699617899362,40.585421997731,-2.01206674075634,2427.687,1.3536338473619
1,138, '2008-05-20 15:57:27',24,2.73873133358433,40.9532405484159,-2.01220255694076,2428.25,1.353948533484
1,139, '2008-05-20 20:50:39',24,2.71108704717864,41.166079752236,-2.0135020479282,2428.375,1.35401844674955
1,140, '2008-05-21 01:39:38',24,2.71276780726117,40.9636796653474,-2.01222380556112,2418.922,1.34873468240678
1,141, '2008-05-21 06:24:27',24,2.70261817965406,40.7554920719699,-2.01439178451395,2409.703,1.34357616077861
1,142, '2008-05-21 11:18:06',24,2.70775110086216,40.6937433807927,-2.01377022137531,2400.078,1.33819212233951
1,143, '2008-05-21 16:10:21',24,2.70742704244784,41.0057128146782,-2.01141689693154,2399.812,1.3380435009799
1,144, '2008-05-21 21:02:09',24,2.73242957330236,40.9311224129901,-2.01070613567419,2391.312,1.33329600038178
1,145, '2008-05-22 01:42:59',24,2.71611442881992,40.7729481427775,-2.01177898786181,2381.985,1.32808381632073
1,146, '2008-05-22 06:32:40',24,2.72793179373901,40.5739021518826,-2.01289833755397,2371.969,1.32248348583492
1,147, '2008-05-22 11:23:22',24,2.74705657678666,40.5225657991937,-2.01351128775979,2362.921,1.31742286079835
1,148, '2008-05-22 16:17:58',24,2.74719800687761,40.8867743915599,-2.01092989302451,2363.031,1.31748430587841
1,149, '2008-05-22 20:59:50',24,2.71729444183708,40.8546923871658,-2.01248925681544,2363.047,1.31749325027511
1,150, '2008-05-23 12:13:16',24,2.72754975994287,40.3854786559064,-2.01239069206515,2372.875,1.32298707686445
1,151, '2008-05-23 20:14:29',24,2.70872155733452,40.7505118001002,-2.0133326777874,2437.734,1.35926006135017
1,152, '2008-05-24 01:09:21',24,2.73683767258495,40.7649488703222,-2.01274072294629,2400.859,1.3386434463061
1,153, '2008-05-24 06:00:20',24,2.75492861712126,40.61189190464,-2.01303074579504,2382.172,1.32819413920981
1,154, '2008-05-24 10:42:50',24,2.75164546072393,40.5669061553945,-2.01204259082683,2372.75,1.32292817662904
1,155, '2008-05-24 15:31:10',24,2.74254243432721,40.577773867004,-2.01476041870627,2363.718,1.31787336660077
1,156, '2008-05-24 20:21:13',24,2.75502066865978,40.5509967026154,-2.01166673209204,2354.36,1.31264415068996
1,157, '2008-05-25 01:06:49',24,2.72894882388685,40.6204650416196,-2.014507547955,2354.016,1.31245165330205
1,158, '2008-05-25 05:57:17',24,2.74070500722618,40.5749618258951,-2.01185635359997,2344.25,1.30699393409392
1,159, '2008-05-25 10:51:37',24,2.75752739493281,40.5518056833606,-2.01203542352109,2335.562,1.30213822193849
1,160, '2008-05-25 15:37:08',24,2.73023385016985,40.6676381406162,-2.01315413939922,2336.282,1.30254085276637
1,161, '2008-05-25 20:23:04',24,2.70124423181844,40.7828709192606,-2.01248445220248,2336.516,1.30267166425576
1,162, '2008-05-26 01:13:02',24,2.7356660982648,40.7537930102951,-2.01217666713286,2326.625,1.29714320886281
1,163, '2008-05-26 06:01:08',24,2.7028026785629,40.7638009006237,-2.01229730242697,2326.75,1.29721308029692
1,164, '2008-05-26 10:44:38',24,2.73267259626384,40.7101632402157,-2.01105250156984,2318,1.29232510546672
1,165, '2008-05-26 15:30:43',24,2.75467322180471,40.7198520778379,-2.01421217207145,2308.578,1.2870534646097
1,166, '2008-05-26 20:21:04',24,2.74098115958524,40.8094968090997,-2.01275188299199,2307.438,1.28641609318009
1,167, '2008-05-27 15:52:41',24,2.74049332445162,40.7785076588094,-2.01444704964499,2346.047,1.30802047821891
1,168, '2008-05-27 20:45:42',24,2.72114236148435,40.6952353617801,-2.01437214341148,2374.468,1.32392338674332
2,1, '2008-04-02 15:25:41',24,2.65716289901513,38.8912740854589,-2.00837021158031,3669.875,2.03533759
2,2, '2008-04-02 19:43:48',24,2.57863746900037,38.93256573153,-2.00855445688255,3651.875,2.02529481771559
2,3, '2008-04-03 00:01:06',24,2.67797467472057,38.7499348706978,-2.00853280445851,3631.203,2.01376137601176
2,4, '2008-04-03 04:16:37',24,2.70907961863405,38.6237116517732,-2.0100534850075,3611.157,2.00256872818941
2,5, '2008-04-03 08:33:25',24,2.55037718020348,38.6431839118292,-2.01262297490806,3608.766,2.00123201109691
2,6, '2008-04-03 12:55:10',24,2.69304852989788,38.5998754910652,-2.00885815258355,3631.906,2.0141445048888
2,7, '2008-04-03 17:17:16',24,2.5789695316904,38.7512712390973,-2.01058406808746,3630.453,2.01333301081909
2,8, '2008-04-03 21:28:14',24,2.65762278731463,38.6283515540735,-2.00820279665886,3552.062,1.96960383708774
2,9, '2008-04-04 01:38:15',24,2.70255086065605,38.5097473049765,-2.00949156431857,3530.344,1.95748102103388
2,10, '2008-04-04 05:48:08',24,2.50425172463895,38.6124371589895,-2.00871322490022,3531.032,1.9578649084502
2,11, '2008-04-04 09:57:19',24,2.65055667989423,38.4152339127082,-2.00989595578007,3510.078,1.94616619737869
2,12, '2008-04-04 17:56:27',24,2.70209298270984,38.6265347645224,-2.00853820765004,3470.86,1.92428540531547
2,13, '2008-04-04 22:01:54',24,2.73296087279359,38.5590888074816,-2.01070608245635,3450.109,1.91269536033851
2,14, '2008-04-05 02:20:26',24,2.65759643075668,38.5188861273155,-2.00791339273845,3449.844,1.91254755560265
2,15, '2008-04-05 06:25:01',24,2.54523486167097,38.519207327179,-2.00758170959634,3430.156,1.9015683142975
2,16, '2008-04-05 10:30:32',24,2.50224304436086,38.4814597479185,-2.008517242853,3409.188,1.8898698172008
2,17, '2008-04-05 14:34:41',24,2.6818434946449,38.4082224630485,-2.01026184371979,3389.5,1.87887591853992
2,18, '2008-04-05 18:39:25',24,2.61419042848196,38.4869049458567,-2.01041312625402,3370.39,1.86820397552806
2,19, '2008-04-05 22:46:35',24,2.70631156844688,38.4641557082263,-2.0097439166014,3350.016,1.85682994148449
2,20, '2008-04-18 21:10:19',24,2.55249751537929,37.3252195196012,-2.00946959621481,3571.468,1.98044134732365
2,21, '2008-04-19 02:29:09',24,2.6815921762075,37.7366622321693,-2.00991276176321,3531.906,1.95835352269007
2,22, '2008-04-19 07:47:15',24,2.60192947506884,37.452102945964,-2.00916778027133,3511.36,1.94688675568633
2,23, '2008-04-19 13:01:42',24,2.67771632427098,37.1532340899904,-2.00924405910391,3472.563,1.92523324408604
2,24, '2008-04-19 18:27:29',24,2.70622177552669,37.1085902736621,-2.0099821223925,3491.359,1.9357275840784
2,25, '2008-04-19 23:41:55',24,2.74999897131998,36.9968948256236,-2.00990258052514,3411.719,1.891264072547
2,26, '2008-04-20 04:54:41',24,2.54250445366388,37.085625416333,-2.00976486060623,3390.922,1.87965377260088
2,27, '2008-04-20 10:16:28',24,2.67915654817903,36.9526256478639,-2.01421527406568,3372.187,1.8691714606121
2,28, '2008-04-20 15:37:05',24,2.66694470459445,36.9948141358994,-2.0109148544266,3350.422,1.85701380455471
2,29, '2008-04-20 20:50:38',24,2.74183777498689,36.9968179381291,-2.01157945648575,3310.468,1.83468862522015
2,30, '2008-04-21 02:15:02',24,2.64641003524382,37.1639454770878,-2.01068119641727,3352.469,1.85814713103424
2,31, '2008-04-22 15:33:49',24,2.59265594009918,37.1848085761432,-2.00998482196637,3460.828,1.91864711584631
2,32, '2008-04-22 20:26:18',24,2.62468637043874,37.3546455998294,-2.0102711543488,3384.875,1.87623430335013
2,33, '2008-04-23 01:18:11',24,2.57266792717524,37.1088920667161,-2.01088985002997,3346.453,1.85477252284517
2,34, '2008-04-23 06:18:19',24,2.56767757684044,36.794188196523,-2.00996422741798,3318.078,1.83893009646934
2,35, '2008-04-23 11:08:00',24,2.50270064638156,36.8062571782118,-2.00857937734782,3281,1.81824284476009
2,36, '2008-04-23 16:06:25',24,2.52064315600044,37.3797692507447,-2.01284537397036,3271.359,1.81285233302385
2,37, '2008-04-23 21:02:58',24,2.55024944141499,37.0340656824917,-2.01278394279111,3242.516,1.79672601989554
2,38, '2008-04-24 01:51:33',24,2.52378424064142,37.130632429857,-2.00836049196892,3213.813,1.78071325011749
2,39, '2008-04-24 06:50:00',24,2.52204157379699,37.0359883830581,-2.01084915065735,3195.937,1.77072826694606
2,40, '2008-04-24 11:49:24',24,2.54905074117505,37.4659157143184,-2.0121046652032,3176.359,1.75978577107513
2,41, '2008-04-24 16:45:56',24,2.58240405082295,37.9498453512108,-2.01293176420489,3157.875,1.74945048476136
2,42, '2008-04-24 21:38:11',24,2.5434729925472,38.1086177057918,-2.01046238541893,3138.515,1.738638664822
2,43, '2008-04-25 12:03:44',24,2.61210405203956,38.0045895715671,-2.00973444321667,3168.328,1.75528205730967
2,44, '2008-04-25 20:03:55',24,2.55899784097402,37.8795212025943,-2.00905720308095,3186.671,1.76551876183081
2,45, '2008-04-26 01:04:35',24,2.5825078198803,37.7783732509051,-2.01222952780011,3129.375,1.73349301099058
2,46, '2008-04-26 05:57:35',24,2.59395059573491,37.715201391486,-2.00933493803166,3092.328,1.71281528003245
2,47, '2008-04-26 10:58:25',24,2.59216645597286,37.7869241529468,-2.00912149360091,3072.703,1.70186277744581
2,48, '2008-04-29 12:15:56',24,2.57362786592038,39.7309459346569,-2.0109829970152,3290.094,1.82329877875251
2,49, '2008-04-29 17:05:27',24,2.52419694532062,38.9250852008189,-2.01103964468614,3261.797,1.80749144852316
2,50, '2008-04-29 22:00:04',24,2.53136087215759,38.510706905201,-2.00970902521643,3205.047,1.77581061875065
2,51, '2008-04-30 02:43:55',24,2.51243040751219,38.3394683288853,-2.01139812474468,3148.844,1.74440878297147
2,52, '2008-04-30 07:41:42',24,2.59941925527376,38.1013032423014,-2.01137384090653,3120.906,1.72879940453613
2,53, '2008-04-30 12:28:49',24,2.59468558782703,38.3765699479237,-2.00988188253452,3082.969,1.70761915759787
2,54, '2008-04-30 17:20:16',24,2.58067651391185,38.714968501972,-2.01299489994142,3063.812,1.69690722890394
2,55, '2008-04-30 22:14:54',24,2.59648870513062,38.5547382298843,-2.01065235086671,3036.282,1.68153132356522
2,56, '2008-05-01 03:15:33',24,2.59111623651862,38.6358463972677,-2.00900224480337,3017.25,1.67091039836436
2,57, '2008-05-01 08:16:03',24,2.55280892576891,38.6328459689758,-2.01006835830852,2998.047,1.66018835872975
2,58, '2008-05-01 13:14:24',24,2.52262139841595,39.0193146128637,-2.01002648112352,2980.203,1.65022532747165
2,59, '2008-05-01 18:11:10',24,2.57180225077892,39.1408345256082,-2.00915203257716,2960.812,1.63940325328729
2,60, '2008-05-01 23:10:15',24,2.56280085341383,39.2238002716018,-2.00780210179058,2941.437,1.62859737392001
2,61, '2008-05-02 03:53:34',24,2.60615319256275,39.1615298347177,-2.01541378394718,2905.031,1.60821594219268
2,62, '2008-05-02 08:44:40',24,2.52351915971231,39.1576728204343,-2.00874131847215,2895.5,1.60289779955203
2,63, '2008-05-02 13:43:05',24,2.54444766480475,39.5662467760091,-2.01074651039477,2886.203,1.59770504668894
2,64, '2008-05-02 19:07:48',24,2.55185960594592,38.84357087862,-2.00831547546032,2867.547,1.58729750960277
2,65, '2008-05-02 23:24:17',24,2.57527311367923,39.0042285113104,-2.00979322304752,2858.61,1.58230819792656
2,66, '2008-05-03 04:13:08',24,2.53178814052271,39.0165730587245,-2.00858184303437,2830.422,1.5665810020956
2,67, '2008-05-03 09:10:19',24,2.5326678383481,38.9840805195719,-2.01118861125616,2820.125,1.5608284440039
2,68, '2008-05-03 14:04:34',24,2.56384182981259,39.0242530149861,-2.01011744434192,2801.828,1.55061202209303
2,69, '2008-05-03 18:58:13',24,2.51481179022121,39.1956702956801,-2.00884804875497,2792.219,1.5452500718429
2,70, '2008-05-03 23:42:30',24,2.50199979316637,39.251075049707,-2.01201317560052,2764.56299999999,1.52979333951389
2,71, '2008-05-04 04:41:40',24,2.56429793462128,39.2558168987384,-2.00878304436483,2764,1.52947918816557
2,72, '2008-05-04 09:40:11',24,2.5294279379458,39.2997623483977,-2.01121356960883,2754.094,1.52394499882653
2,73, '2008-05-04 14:38:13',24,2.60123695206194,39.3104647841442,-2.0111462315484,2735.906,1.51378424114336
2,74, '2008-05-04 19:37:07',24,2.57236159790275,39.36594691651,-2.00988000418408,2726.937,1.50877684843294
2,75, '2008-05-05 00:35:53',24,2.54323543172798,39.4042425168347,-2.01085933813558,2717.141,1.50330507674506
2,76, '2008-05-05 05:28:13',24,2.57980094565328,39.3437209536946,-2.00937702180644,2698.421,1.49285631623166
2,77, '2008-05-05 11:41:31',24,2.5166287312049,39.6737082589144,-2.00926050941606,2697.61,1.49240367448912
2,78, '2008-05-05 20:40:08',24,2.52341745002679,40.2406318566456,-2.00815628746568,2773.672,1.53483266991613
2,79, '2008-05-06 01:38:46',24,2.56991009767019,39.9000091299141,-2.01100898632635,2717.656,1.50354137008889
2,80, '2008-05-06 06:37:06',24,2.504005268103,39.8038553537821,-2.01208267289824,2699.469,1.49337644020778
2,81, '2008-05-06 11:25:21',24,2.59183978286509,39.9202687539432,-2.009869168167,2671.047,1.4775085231251
2,82, '2008-05-06 16:23:36',24,2.57827786745036,40.4221942474051,-2.01057331279076,2670.531,1.47722034095027
2,83, '2008-05-06 21:21:49',24,2.59191896494463,40.5920417372728,-2.01018692418445,2661.86,1.47237858238927
2,84, '2008-05-07 02:17:25',24,2.54809324986027,40.5433941460567,-2.01146261311554,2651.547,1.4666163007423
2,85, '2008-05-07 07:04:02',24,2.52662849752782,40.3524622327429,-2.00979033121202,2632.671,1.45607830010565
2,86, '2008-05-07 12:01:49',24,2.53956265044985,40.1944244124387,-2.00924400724481,2623.969,1.45122151084147
2,87, '2008-05-07 16:59:29',24,2.5998676298397,40.5020039558094,-2.01218420998105,2614.828,1.44611223976829
2,88, '2008-05-07 21:56:09',24,2.56554172003505,40.8177071279129,-2.01006518877461,2614.484,1.44592016687248
2,89, '2008-05-08 02:53:49',24,2.59418637994642,40.8553429944914,-2.01112353991395,2605.25,1.4407616349926
2,90, '2008-05-09 12:25:07',24,2.58187067689268,40.5795037658974,-2.01032687848742,2877.25,1.59265299914498
2,91, '2008-05-09 20:28:09',24,2.59004447354284,40.3648778640626,-2.01281426225578,2792.484,1.54525905087988
2,92, '2008-05-10 01:21:56',24,2.56848718975338,40.4039152259952,-2.01420546456895,2736.328,1.51383968363867
2,93, '2008-05-10 06:18:12',24,2.54348308639811,40.3428759685128,-2.00883907491191,2708.25,1.49817185487607
2,94, '2008-05-10 11:16:04',24,2.58140632660485,40.1868774109419,-2.00882028994258,2679.703,1.48224246798246
2,95, '2008-05-10 16:11:56',24,2.53917367411763,40.2215349662119,-2.01265613436773,2661.406,1.47201314317954
2,96, '2008-05-10 21:07:54',24,2.57088505715138,40.3063693925154,-2.01244496121948,2642.984,1.46171501510299
2,97, '2008-05-11 02:05:21',24,2.52865475540748,40.3921951210642,-2.00661743575912,2632.906,1.45609760107032
2,98, '2008-05-11 06:55:27',24,2.53505949359625,40.4338911403591,-2.00990219328997,2614.797,1.44598723473191
2,99, '2008-05-11 11:52:47',24,2.55194669298171,40.4563759404959,-2.00960375140768,2604.922,1.44047477999715
2,100, '2008-05-11 16:49:58',24,2.52645774912119,40.5710726787395,-2.01047407529566,2596.171,1.43558765259912
2,101, '2008-05-11 21:47:12',24,2.51208084834123,40.6128876006007,-2.01099741583693,2586.968,1.43044676114969
2,102, '2008-05-12 02:36:58',24,2.57293138521463,40.5514295542169,-2.01042085821773,2567.609,1.41963572298462
2,103, '2008-05-12 12:56:34',24,2.52530578011939,41.1878436456703,-2.01061784434299,2576.953,1.4248543933006
2,104, '2008-05-12 18:59:59',24,2.58431953414421,41.2339168692158,-2.00850888365762,2623.907,1.45105092833484
2,105, '2008-05-12 23:53:17',24,2.57970455214941,41.2023939237917,-2.01140882868163,2587,1.43043007676813
2,106, '2008-05-13 04:35:25',24,2.5009234029881,41.1841490452345,-2.01087769126001,2567.094,1.41931104028974
2,107, '2008-05-13 09:24:04',24,2.56427235378002,40.9756287590545,-2.01231163395128,2548.64,1.40899570726392
2,108, '2008-05-13 14:20:24',24,2.57238580164435,41.0338243639414,-2.00919710470759,2538.844,1.40352845869789
2,109, '2008-05-13 19:04:20',24,2.60196482585094,41.2548931896348,-2.01011062331382,2521.641,1.39392292173876
2,110, '2008-05-13 23:59:26',24,2.58238521898165,41.4230849942376,-2.01055283966039,2521.04700000001,1.39359118052022
2,111, '2008-05-14 04:55:57',24,2.54643908943865,41.2593364061476,-2.00825460555089,2511.782,1.38842271415343
2,112, '2008-05-14 09:52:22',24,2.54611731327352,41.18436832764,-2.00900825260467,2501.671,1.38278019125285
2,113, '2008-05-14 14:35:22',24,2.50327755166174,41.4623928845553,-2.01158668785271,2492.329,1.37756012379787
2,114, '2008-05-14 19:31:39',24,2.54496127175031,41.6484688547805,-2.01063922109268,2492.344,1.37756850146129
2,115, '2008-05-15 00:27:55',24,2.54548598127259,41.518335157986,-2.01223816298943,2483.797,1.37279111268933
2,116, '2008-05-15 05:24:04',24,2.53747446118559,41.3756785491038,-2.01081129923267,2473.953,1.36729266090332
2,117, '2008-05-15 10:20:03',24,2.53759108853406,41.2732989669182,-2.01222594224822,2464.719,1.36213130136145
2,118, '2008-05-15 15:10:59',24,2.58636190949106,41.4533984781887,-2.00917914546216,2455.188,1.35681199957384
2,119, '2008-05-15 19:56:47',24,2.52972832000211,41.8381060105847,-2.01007331963369,2455.656,1.35707330910539
2,120, '2008-05-16 16:54:59',24,2.54437902126962,41.3727470006007,-2.01196301148327,2502.078,1.38301757213847
2,121, '2008-05-16 21:37:39',24,2.5533918618336,41.6288972607404,-2.01113124855305,2539.516,1.40393221982828
2,122, '2008-05-17 02:32:13',24,2.51604963621269,41.4433111861004,-2.00904427175154,2502.156,1.38308280483033
2,123, '2008-05-17 07:25:19',24,2.55929760768091,41.1773434367002,-2.01056626628588,2474.141,1.36743668984422
2,124, '2008-05-17 12:21:15',24,2.50485218993225,41.2176011884379,-2.01108386957259,2463.828,1.3616754931923
2,125, '2008-05-17 17:15:37',24,2.5549768220263,41.1628507165717,-2.01075462310821,2446.062,1.35175241912726
2,126, '2008-05-17 22:10:51',24,2.54200275755389,41.1895384614059,-2.01193127854867,2436.719,1.34653089858963
2,127, '2008-05-18 03:05:19',24,2.52547800648988,41.1824922922053,-2.01134085837195,2427.563,1.34141538833984
2,128, '2008-05-18 08:00:50',24,2.52451280802477,41.1070198316721,-2.01007733266455,2417.39,1.33573524481061
2,129, '2008-05-18 12:44:48',24,2.56031651377025,41.0104424020713,-2.00901590140856,2398.453,1.32516726310923
2,130, '2008-05-18 17:36:29',24,2.51053760683266,41.1153884698021,-2.00979208025911,2399.484,1.32574284523
2,131, '2008-05-18 22:31:45',24,2.55718740854991,41.1164925534446,-2.00675127232892,2389.844,1.32036921126743
2,132, '2008-05-19 03:27:07',24,2.57560992855174,41.0577286925585,-2.00959778320107,2380.015,1.31488245109768
2,133, '2008-05-19 15:34:33',24,2.55965639484906,41.2052596924812,-2.01062055472746,2389.469,1.32016256407668
2,134, '2008-05-19 20:59:48',24,2.5465486060935,40.6992346003556,-2.01157819409225,2436.968,1.34670366203256
2,135, '2008-05-20 01:16:42',24,2.59142657279176,40.4886866038144,-2.01014521696411,2398.563,1.32525932118326
2,136, '2008-05-20 06:12:06',24,2.54308689316732,40.4189823034767,-2.01009506119148,2379.703,1.31472865650157
2,137, '2008-05-20 11:07:23',24,2.58233904425829,40.1499529703909,-2.0096729368867,2361.172,1.30438386505895
2,138, '2008-05-20 15:57:27',24,2.50791358146682,40.5938335264699,-2.00928838748888,2361.656,1.30465400271993
2,139, '2008-05-20 20:50:39',24,2.5545993256391,40.6888272945894,-2.00727204729866,2352.328,1.29945293781515
2,140, '2008-05-21 01:39:38',24,2.50701989481671,40.5752037807365,-2.01356928326621,2342.672,1.29405209753759
2,141, '2008-05-21 06:24:27',24,2.53603502316836,40.2732133792071,-2.01080898844754,2324.562,1.2839366112096
2,142, '2008-05-21 11:18:06',24,2.57311993269,40.1219331150625,-2.00898975744592,2314.453,1.27829525636015
2,143, '2008-05-21 16:10:21',24,2.54925101692538,40.4646777324345,-2.01097621710169,2314.39,1.27826006427635
2,144, '2008-05-21 21:02:09',24,2.56076547671994,40.4837242724493,-2.00924072963838,2305.516,1.27330728587779
2,145, '2008-05-22 01:42:59',24,2.5604207084237,40.2011809211703,-2.00936118059279,2286.938,1.26293786587416
2,146, '2008-05-22 06:32:40',24,2.5905051897994,39.9826520653673,-2.0108314432955,2277,1.25738685396209
2,147, '2008-05-22 11:23:22',24,2.51110361456525,40.0741975531764,-2.0084733459328,2277.484,1.25765688204526
2,148, '2008-05-22 16:17:58',24,2.51518534545172,40.3947899555114,-2.00983817342006,2277.281,1.25754354950382
2,149, '2008-05-22 20:59:50',24,2.5667997414045,40.2222142897392,-2.0108730623388,2258.5,1.24705293645277
2,150, '2008-05-23 12:13:16',24,2.58590068733062,40.3406848428061,-2.01059505941131,2268.203,1.25247204863651
2,151, '2008-05-23 20:14:29',24,2.5760349736575,41.1457517045386,-2.0089038157164,2333.047,1.28865687058826
2,152, '2008-05-24 01:09:21',24,2.56158446234996,41.2018359637797,-2.01167350954105,2286.359,1.2625677003623
2,153, '2008-05-24 06:00:20',24,2.58349062123427,41.0260892546997,-2.01108073011877,2258.5,1.24700472867886
2,154, '2008-05-24 10:42:50',24,2.55191700313425,41.0146928420621,-2.01129536833459,2239.313,1.2362850830588
2,155, '2008-05-24 15:31:10',24,2.50920916288477,41.0686041427202,-2.00824032082905,2230.437,1.23133365497889
2,156, '2008-05-24 20:21:13',24,2.57024062180574,40.9702036505228,-2.01076428605539,2211.547,1.22078272793345
2,157, '2008-05-25 01:06:49',24,2.53040528108938,41.0328373105594,-2.01180588946393,2201.953,1.21542126523802
2,158, '2008-05-25 05:57:17',24,2.52293760512385,41.0089309619377,-2.01028969727064,2192.297,1.2100292215389
2,159, '2008-05-25 10:51:37',24,2.51534949752454,41.0458804209395,-2.0106936595209,2183.562,1.20515049678448
2,160, '2008-05-25 15:37:08',24,2.54687812965764,41.0323697528678,-2.01158720284927,2165.047,1.19480479204538
2,161, '2008-05-25 20:23:04',24,2.55509716448053,41.0374188596216,-2.01157592145062,2155.516,1.18947914479334
2,162, '2008-05-26 01:13:02',24,2.55969306320601,41.0770103078646,-2.00816980976696,2145.703,1.18400520858688
2,163, '2008-05-26 06:01:08',24,2.52926040007982,41.0708569799012,-2.01057467472338,2136.515,1.17887377522262
2,164, '2008-05-26 10:44:38',24,2.56743653897638,40.9545658129038,-2.01482207695225,2099.047,1.15790395478394
2,165, '2008-05-26 15:30:43',24,2.57517896805562,41.0581430018253,-2.00992740178389,2108.734,1.16331233443424
2,166, '2008-05-26 20:21:04',24,2.50258469074323,41.2322422629316,-2.00842071257441,2108.016,1.16291176608101
2,167, '2008-05-27 15:52:41',24,2.55769524690083,40.8950487121446,-2.01211284237594,2136.859,1.17903270239008
2,168, '2008-05-27 20:45:42',24,2.50699889590395,40.9350312757878,-2.01144008448078,2155.296,1.1893340692894
3,1, '2008-04-02 15:25:41',24,2.35389673988417,39.882410587016,-1.98726220868669,3466.984,1.8910523
3,2, '2008-04-02 19:43:48',24,2.40219267685394,39.5910591442915,-1.98806660804415,3448.797,1.88100869794431
3,3, '2008-04-03 00:01:06',24,2.34923650720771,39.5287167784275,-1.9888271999285,3448.641,1.88092251543231
3,4, '2008-04-03 04:16:37',24,2.26370125624262,39.4830256472256,-1.9888031207692,3449,1.88112084329907
3,5, '2008-04-03 08:33:25',24,2.24475371761571,39.4285112689741,-1.99003425781213,3447.016,1.8800241133081
3,6, '2008-04-03 12:55:10',24,2.55419966689018,39.1687047999156,-1.99210963629008,3428.828,1.86995953273453
3,7, '2008-04-03 17:17:16',24,2.51145768760302,39.2247258507195,-1.98890521489596,3427.656,1.86931203359235
3,8, '2008-04-03 21:28:14',24,2.44410185903326,39.2275457242588,-1.98810769552196,3430.719,1.87100358188996
3,9, '2008-04-04 01:38:15',24,2.37657637733521,39.2253770275253,-1.99157189968854,3429.047,1.87007860738544
3,10, '2008-04-04 05:48:08',24,2.30146031419795,39.2376220517183,-1.98847509458393,3429.672,1.87042382875602
3,11, '2008-04-04 09:57:19',24,2.21667668263073,39.2502397818673,-1.98766235840481,3429.344,1.87024273063004
3,12, '2008-04-04 17:56:27',24,2.34955960978266,39.4062027729045,-1.9883051172914,3410.266,1.85970581812235
3,13, '2008-04-04 22:01:54',24,2.37512084642892,39.2624618133762,-1.99112877035394,3409.75,1.85942042299859
3,14, '2008-04-05 02:20:26',24,2.24057299344938,39.282396458585,-1.98908708112443,3409.656,1.85936848572481
3,15, '2008-04-05 06:25:01',24,2.54796237176124,38.8964372366107,-1.98843868896137,3390.109,1.84857181598783
3,16, '2008-04-05 10:30:32',24,2.46506711983282,38.8897419035667,-1.99222816244909,3389.141,1.84803612797082
3,17, '2008-04-05 14:34:41',24,2.32451352376485,39.0502090997253,-1.98917744821277,3389.5,1.84823449316635
3,18, '2008-04-05 18:39:25',24,2.57103502197586,38.8474929886789,-1.99006685481454,3370.39,1.83767055494537
3,19, '2008-04-05 22:46:35',24,2.48041803994763,38.9254879986464,-1.99056382567063,3370.156,1.8375411682967
3,20, '2008-04-18 21:10:19',24,2.30980147152481,39.1732687180847,-1.98914752178535,3449.656,1.88146817606946
3,21, '2008-04-19 02:29:09',24,2.25202205489093,39.4652457193327,-1.99053574592394,3450.891,1.88215104041563
3,22, '2008-04-19 07:47:15',24,2.54264986161855,38.8321025824481,-1.98637822362815,3430.532,1.87091751978929
3,23, '2008-04-19 13:01:42',24,2.33139647485952,38.7088766800306,-1.98997956899047,3432.297,1.8718931625502
3,24, '2008-04-19 18:27:29',24,2.21304037441032,38.740405941859,-1.98904930456096,3430.688,1.8710041680138
3,25, '2008-04-19 23:41:55',24,2.50384134670056,38.4316382587167,-1.98873663823546,3411.719,1.86052518321083
3,26, '2008-04-20 04:54:41',24,2.31519976004363,38.5613516814449,-1.98746510382808,3410.938,1.86009401369803
3,27, '2008-04-20 10:16:28',24,2.55133072721576,38.237601937638,-1.99265783791114,3392.25,1.849749905455
3,28, '2008-04-20 15:37:05',24,2.43829928900844,38.3492801209932,-1.99220649414392,3390.531,1.84879862685405
3,29, '2008-04-20 20:50:38',24,2.29509942934766,38.5373577977211,-1.99001935937811,3390.515,1.84878978232356
3,30, '2008-04-21 02:15:02',24,2.50005209262083,38.3442811671543,-1.99006933188247,3372.547,1.83885712516932
3,31, '2008-04-22 15:33:49',24,2.3898029020809,38.6630977095898,-1.98836031673797,3441.406,1.87688948712773
3,32, '2008-04-22 20:26:18',24,2.3428769078009,38.7957100051437,-1.9905489978515,3404.344,1.85639678519485
3,33, '2008-04-23 01:18:11',24,2.38610055068074,38.4369495362621,-1.98722775944609,3385.422,1.84595169528811
3,34, '2008-04-23 06:18:19',24,2.27294012859397,38.3856052703784,-1.99000109732896,3376.203,1.8408556341447
3,35, '2008-04-23 11:08:00',24,2.36218830779095,38.1713992729009,-1.98862244425328,3358.437,1.83104178238231
3,36, '2008-04-23 16:06:25',24,2.27290726321445,38.807426948198,-1.98853109611705,3358.453,1.8310506202983
3,37, '2008-04-23 21:02:58',24,2.20676702699031,38.5553296150853,-1.9872696350672,3348.891,1.82577221133982
3,38, '2008-04-24 01:51:33',24,2.38614942595857,38.2001898354315,-1.99338466851962,3329.735,1.81516519003144
3,39, '2008-04-24 06:50:00',24,2.32311530723042,38.2997162101356,-1.98975071875737,3321.5,1.81061363526229
3,40, '2008-04-24 11:49:24',24,2.37965851204754,38.4484167702101,-1.98911177620751,3311.406,1.80503638685422
3,41, '2008-04-24 16:45:56',24,2.28374825682617,39.0335155128506,-1.98837243357876,3312.032,1.80538214272739
3,42, '2008-04-24 21:38:11',24,2.31186038443666,39.1341845467743,-1.987376781155,3302.078,1.7998870459275
3,43, '2008-04-25 12:03:44',24,2.49569273558105,38.8082608928607,-1.99058116034513,3307.391,1.80282481195664
3,44, '2008-04-25 20:03:55',24,2.29489125247044,38.288211224605,-1.98765058015024,3302.359,1.80004651814572
3,45, '2008-04-26 01:04:35',24,2.26660912152249,38.2748558348058,-1.98869832287315,3283.453,1.78960253745343
3,46, '2008-04-26 05:57:35',24,2.38429779317985,38.0912546488082,-1.98839227731104,3265.687,1.7797898215649
3,47, '2008-04-26 10:58:25',24,2.33147996973182,38.2241493899388,-1.98979524275933,3255.375,1.7740901636362
3,48, '2008-04-29 12:15:56',24,2.38511721652326,40.755055272029,-1.98930810927199,3319.094,1.80930036458472
3,49, '2008-04-29 17:05:27',24,2.39682896915673,40.114258958017,-1.98936715231495,3319.469,1.80950759032976
3,50, '2008-04-29 22:00:04',24,2.40039156193684,39.378407180745,-1.99134390422168,3291.891,1.79425278972125
3,51, '2008-04-30 02:43:55',24,2.35348568407887,39.1470661392829,-1.98943183186316,3273.938,1.78433160369974
3,52, '2008-04-30 07:41:42',24,2.37933124110414,38.9635262262094,-1.98789825516883,3255.735,1.77428001705006
3,53, '2008-04-30 12:28:49',24,2.29385172194042,39.2581228611356,-1.98686605569831,3246.281,1.7690622860249
3,54, '2008-04-30 17:20:16',24,2.29428097096011,39.5769939476776,-1.98943964483321,3236.765,1.76380353389706
3,55, '2008-04-30 22:14:54',24,2.37160163180056,39.2255843486701,-1.98932822210796,3218.579,1.75375411082838
3,56, '2008-05-01 03:15:33',24,2.21804869425965,39.3771616460847,-1.99033755138396,3209.453,1.74870860513562
3,57, '2008-05-01 08:16:03',24,2.26798317609875,39.2221664753077,-1.98834831028049,3199.75,1.74334945412044
3,58, '2008-05-01 13:14:24',24,2.2538731204426,39.6662540128239,-1.98992388198158,3191.359,1.73871127320552
3,59, '2008-05-01 18:11:10',24,2.31309342041116,39.7575090108496,-1.98954521592959,3181.328,1.73316762652191
3,60, '2008-05-01 23:10:15',24,2.22011250869624,39.6652682403797,-1.99051554357555,3171.219,1.72757814829135
3,61, '2008-05-02 03:53:34',24,2.3648630347075,39.465901153449,-1.98760824611517,3153.844,1.71798517793684
3,62, '2008-05-02 08:44:40',24,2.23302513757273,39.4737495607779,-1.98893702792384,3144.844,1.71301283536703
3,63, '2008-05-02 13:43:05',24,2.34942831675898,39.766327829112,-1.99000288891937,3135.047,1.70759726361627
3,64, '2008-05-02 19:07:48',24,2.23721225673841,39.6340977408513,-1.98897038568465,3126.875,1.70308230084077
3,65, '2008-05-02 23:24:17',24,2.30703066323216,39.9134819051955,-1.98805344322618,3117.07799999999,1.69767203428985
3,66, '2008-05-03 04:13:08',24,2.39900979957394,39.7377849039215,-1.98875602671226,3098.391,1.68734873321453
3,67, '2008-05-03 09:10:19',24,2.38370175440525,39.7032196935005,-1.98673267744777,3088.282,1.68176987748222
3,68, '2008-05-03 14:04:34',24,2.38608581597938,39.7574444744456,-1.98886278225766,3079.578,1.67696124924422
3,69, '2008-05-03 18:58:13',24,2.39468181992966,39.8407127918619,-1.98823559086942,3070.234,1.67180067331059
3,70, '2008-05-03 23:42:30',24,2.38196849804278,39.857886547665,-1.98616529836112,3061.45299999999,1.66695608512033
3,71, '2008-05-04 04:41:40',24,2.38803274718602,39.8585517056449,-1.98506814081617,3050.985,1.6611839480931
3,72, '2008-05-04 09:40:11',24,2.39393227486399,39.9012322643887,-1.98829914830727,3041.704,1.6560580024277
3,73, '2008-05-04 14:38:13',24,2.36177291074749,39.9435130357595,-1.98923298226642,3033.078,1.6512915791763
3,74, '2008-05-04 19:37:07',24,2.34694905391912,39.9928667919289,-1.98440462881032,3024.094,1.6463393871804
3,75, '2008-05-05 00:35:53',24,2.36871911191428,39.9414892344394,-1.98896281423979,3014.313,1.64093548571205
3,76, '2008-05-05 05:28:13',24,2.32767031116582,39.9639673784223,-1.98693905696881,3004.843,1.63570873213719
3,77, '2008-05-05 11:41:31',24,2.3421797726789,39.7330785716064,-1.98630797201452,3004.579,1.63556306955257
3,78, '2008-05-05 20:40:08',24,2.31566546600925,40.114719927716,-1.98783755110426,3013.36,1.64041173664598
3,79, '2008-05-06 01:38:46',24,2.3861982687492,39.553391693877,-1.99060475081545,2986.485,1.62555131923537
3,80, '2008-05-06 06:37:06',24,2.30871783584675,39.6122854903866,-1.98857182641863,2977.61,1.62064893730219
3,81, '2008-05-06 11:25:21',24,2.34761158421384,39.886845075632,-1.98889334145019,2968.703,1.61572808369322
3,82, '2008-05-06 16:23:36',24,2.302329694529,40.371518021152,-1.98981908922859,2967.266,1.6149338142401
3,83, '2008-05-06 21:21:49',24,2.37127169026766,40.43098541952,-1.98882117042261,2959.203,1.61047940726868
3,84, '2008-05-07 02:17:25',24,2.38384728078457,40.3317355451558,-1.98761778527663,2948.766,1.60471697203953
3,85, '2008-05-07 07:04:02',24,2.32055546634894,40.1244039850898,-1.98692288454563,2939.796,1.59976622251887
3,86, '2008-05-07 12:01:49',24,2.23598435280022,40.0103733025285,-1.98739862726769,2931.078,1.59495340550984
3,87, '2008-05-07 16:59:29',24,2.39244352606206,40.3014299880648,-1.98773658873967,2921.875,1.58987197778035
3,88, '2008-05-07 21:56:09',24,2.36506968208852,40.5952517208769,-1.98686519343137,2921.719,1.58978588028863
3,89, '2008-05-08 02:53:49',24,2.21756078670601,40.8377247699914,-1.98862045306664,2921.953,1.58991514061808
3,90, '2008-05-09 12:25:07',24,2.33072419095654,40.5025333131479,-1.98942550043265,3098.985,1.68774624483824
3,91, '2008-05-09 20:28:09',24,2.29928372529767,40.8211044184083,-1.98827109923416,2985.156,1.62487876957304
3,92, '2008-05-10 01:21:56',24,2.24530633753354,40.8851665293327,-1.98850011613205,2966.875,1.6147810555111
3,93, '2008-05-10 06:18:12',24,2.26245118989433,40.726642354212,-1.98816781574324,2948.781,1.60478830316164
3,94, '2008-05-10 11:16:04',24,2.34810137817442,40.4687266820805,-1.98765052745107,2929.172,1.59396168116364
3,95, '2008-05-10 16:11:56',24,2.30333656160498,40.4818118747383,-1.98739507188616,2921.015,1.58945857516326
3,96, '2008-05-10 21:07:54',24,2.31956277056734,40.539736529163,-1.98664093611879,2911.984,1.58447486563712
3,97, '2008-05-11 02:05:21',24,2.33699471596731,40.5357355069817,-1.98582775679451,2901.906,1.57891565115574
3,98, '2008-05-11 06:55:27',24,2.3449430738925,40.5720876558107,-1.98961749590246,2893.531,1.57428702712013
3,99, '2008-05-11 11:52:47',24,2.34976549715899,40.5824669288619,-1.98477012462418,2883.781,1.56891160803261
3,100, '2008-05-11 16:49:58',24,2.39506972689655,40.572296328502,-1.98950203982416,2875,1.5640588809738
3,101, '2008-05-11 21:47:12',24,2.23118073734588,40.799989424502,-1.98550226595329,2875.297,1.56422268491075
3,102, '2008-05-12 02:36:58',24,2.29988668939263,40.7372951796946,-1.98701198074508,2865.516,1.55882408374862
3,103, '2008-05-12 12:56:34',24,2.29759844312856,40.7474932506371,-1.9859874411067,2874.906,1.56400420099084
3,104, '2008-05-12 18:59:59',24,2.27685677860882,41.3509398692292,-1.98605056245826,2893.219,1.57410712986592
3,105, '2008-05-12 23:53:17',24,2.22335106736577,41.3543047265883,-1.98637581569258,2875.25,1.56419235569031
3,106, '2008-05-13 04:35:25',24,2.39124513568019,41.0330319762389,-1.98810666085802,2855.656,1.55337153293674
3,107, '2008-05-13 09:24:04',24,2.22099780633524,41.0873979981155,-1.98573085090303,2846.89,1.54853627831479
3,108, '2008-05-13 14:20:24',24,2.36976482107219,40.9533328789542,-1.98624876720357,2836.657,1.54289036619402
3,109, '2008-05-13 19:04:20',24,2.28142130158982,41.3359580117218,-1.99006185821714,2838.391,1.54384891265573
3,110, '2008-05-13 23:59:26',24,2.37556193378895,41.3205123534268,-1.98807619503131,2828.32799999999,1.53829168744722
3,111, '2008-05-14 04:55:57',24,2.33271324906943,41.1299780787214,-1.98201444812238,2819.485,1.53342308917924
3,112, '2008-05-14 09:52:22',24,2.34510875800993,41.0704114493788,-1.98637894816731,2809.703,1.52802565615953
3,113, '2008-05-14 14:35:22',24,2.31051704227868,41.322332135187,-1.98524313379013,2809.563,1.52794845225988
3,114, '2008-05-14 19:31:39',24,2.20865054864861,41.6559121179248,-1.98691484640095,2809.828,1.52809471126941
3,115, '2008-05-15 00:27:55',24,2.25193302992253,41.5081231295924,-1.98685425174585,2800.969,1.52320539409823
3,116, '2008-05-15 05:24:04',24,2.29527531060122,41.2891069416945,-1.98853395703339,2791.344,1.51788882761589
3,117, '2008-05-15 10:20:03',24,2.29965765146043,41.175417095624,-1.98683697063096,2782.172,1.51282680853405
3,118, '2008-05-15 15:10:59',24,2.27900200984022,41.4580949015695,-1.98288731559677,2781.844,1.51264614546752
3,119, '2008-05-15 19:56:47',24,2.2499175871953,41.7777344132322,-1.98456957497207,2782.609,1.5130678665022
3,120, '2008-05-16 16:54:59',24,2.21432920889337,41.082163300213,-1.98650392290876,2818.953,1.53312272721725
3,121, '2008-05-16 21:37:39',24,2.39772851365224,41.0389874367721,-1.98724224089546,2818.422,1.53282960898672
3,122, '2008-05-17 02:32:13',24,2.2480376781172,41.0034144265814,-1.98906341022258,2800.594,1.52297932496521
3,123, '2008-05-17 07:25:19',24,2.33165193185898,40.6695153074867,-1.98771234054909,2782.313,1.51288561127143
3,124, '2008-05-17 12:21:15',24,2.34282932753922,40.6248030644535,-1.98840713516186,2771.766,1.50706013070073
3,125, '2008-05-17 17:15:37',24,2.34052230333739,40.6154187363787,-1.98662602486258,2763.453,1.50247268010498
3,126, '2008-05-17 22:10:51',24,2.36927799072247,40.5830657513253,-1.98799781258941,2754,1.49725252918209
3,127, '2008-05-18 03:05:19',24,2.37666043340643,40.5486350894031,-1.98629016918184,2744.875,1.49221783535048
3,128, '2008-05-18 08:00:50',24,2.39046127971251,40.438837943809,-1.98710889881024,2734.859,1.48668925681424
3,129, '2008-05-18 12:44:48',24,2.24199025585641,40.5623701726135,-1.98800548316687,2735.25,1.48690517629866
3,130, '2008-05-18 17:36:29',24,2.31202066353015,40.5220952169419,-1.9878557466381,2726.531,1.48209070011673
3,131, '2008-05-18 22:31:45',24,2.38047963700217,40.4546670335363,-1.98607665634572,2716.922,1.47678953050817
3,132, '2008-05-19 03:27:07',24,2.2711969872555,40.5539443399935,-1.98737161721931,2716.359,1.47647872766914
3,133, '2008-05-19 15:34:33',24,2.35795340172468,40.4394727049239,-1.98873101874531,2725.703,1.48164058951335
3,134, '2008-05-19 20:59:48',24,2.37503748774085,40.7088589466376,-1.9873885596613,2744.812,1.49218975839851
3,135, '2008-05-20 01:16:42',24,2.33155550516386,40.6091040938624,-1.98747086094961,2725.578,1.48157114324865
3,136, '2008-05-20 06:12:06',24,2.22342164868185,40.5934801716436,-1.98627539190219,2716.844,1.47675221845063
3,137, '2008-05-20 11:07:23',24,2.22297176423851,40.4523443898484,-1.98754501118783,2707.172,1.47141234752057
3,138, '2008-05-20 15:57:27',24,2.37988549481822,40.5651219299841,-1.98564182840935,2697.875,1.4662844274987
3,139, '2008-05-20 20:50:39',24,2.30780195829986,40.8106705019206,-1.98854695493789,2698.391,1.46656945256224
3,140, '2008-05-21 01:39:38',24,2.32740330400598,40.6055225854588,-1.98658629819671,2688.797,1.46127520007755
3,141, '2008-05-21 06:24:27',24,2.29306511094634,40.3859611095989,-1.98811342412548,2679.531,1.45615801702534
3,142, '2008-05-21 11:18:06',24,2.33966964720778,40.2821660476841,-1.98669299067152,2669.891,1.45083809468365
3,143, '2008-05-21 16:10:21',24,2.33106281090779,40.5577110051437,-1.98799033599946,2669.844,1.45081214036538
3,144, '2008-05-21 21:02:09',24,2.37956984811872,40.4703508076863,-1.98692052041869,2661.484,1.44619806937907
3,145, '2008-05-22 01:42:59',24,2.209858742123,40.4309925902265,-1.98670673269032,2661.625,1.44627588205944
3,146, '2008-05-22 06:32:40',24,2.2259065463653,40.318103576956,-1.98886192692741,2651.672,1.44077723129313
3,147, '2008-05-22 11:23:22',24,2.33322901799424,40.195517455602,-1.98649736941846,2642.187,1.43554336252954
3,148, '2008-05-22 16:17:58',24,2.27636901882399,40.4356095488958,-1.98480359822191,2642.984,1.43598277599281
3,149, '2008-05-22 20:59:50',24,2.22744379046488,40.5643753403606,-1.98682823311941,2642.359,1.43563784053567
3,150, '2008-05-23 12:13:16',24,2.20104353467514,40.1469326137218,-1.98597643471376,2652.422,1.44118919633082
3,151, '2008-05-23 20:14:29',24,2.39304221304131,40.3058157044124,-1.98726960134656,2688.422,1.46106189234428
3,152, '2008-05-24 01:09:21',24,2.25796128380577,40.486698925339,-1.9885631271439,2670.609,1.45122237151544
3,153, '2008-05-24 06:00:20',24,2.3936755928609,40.2111390773714,-1.99082870769896,2652.281,1.44108684136136
3,154, '2008-05-24 10:42:50',24,2.38588271854602,40.1641392427371,-1.98747684632174,2642.719,1.43580788202677
3,155, '2008-05-24 15:31:10',24,2.37228022105117,40.1440909129486,-1.98772953799271,2633.703,1.43082972382828
3,156, '2008-05-24 20:21:13',24,2.20510758821967,40.3483029459983,-1.98707604476538,2634.266,1.43114048044306
3,157, '2008-05-25 01:06:49',24,2.34579495969689,40.1860548704146,-1.98471677618365,2624.047,1.42550664134978
3,158, '2008-05-25 05:57:17',24,2.38979422229238,40.1061129632243,-1.98790248188847,2614.235,1.42008850269637
3,159, '2008-05-25 10:51:37',24,2.25308309168853,40.3161603507757,-1.98847381055703,2615.172,1.42060605824095
3,160, '2008-05-25 15:37:08',24,2.37576239640508,40.222344458414,-1.98503741154338,2606.219,1.41566938047829
3,161, '2008-05-25 20:23:04',24,2.21295613593764,40.4288091103542,-1.98691751522846,2606.734,1.41595362006728
3,162, '2008-05-26 01:13:02',24,2.36416478183203,40.3151585314387,-1.98663161387277,2596.438,1.4102718536516
3,163, '2008-05-26 06:01:08',24,2.23447631449252,40.4076718425662,-1.98677570722143,2596.64,1.41038333384406
3,164, '2008-05-26 10:44:38',24,2.34780743510766,40.289380556686,-1.98842369432114,2587.859,1.40553323704966
3,165, '2008-05-26 15:30:43',24,2.23803975184575,40.4921875272435,-1.98691033959482,2588.015,1.40561933649771
3,166, '2008-05-26 20:21:04',24,2.370308579771,40.357464186915,-1.98746455234834,2577.375,1.39974527459855
3,167, '2008-05-27 15:52:41',24,2.22793474167319,40.3609073889581,-1.98524606542989,2616.063,1.42108005231504
3,168, '2008-05-27 20:45:42',24,2.37620613147575,40.0565631731578,-1.98640343845653,2634.718,1.43137348457737
4,1, '2008-07-07 15:15:28',24,2.57086490502008,37.9477743452621,-2.010806669692,3347.953,1.85500452
4,2, '2008-07-07 21:53:06',24,2.52298057678721,37.9513224682141,-2.00642823488802,3327.938,1.8438493363552
4,3, '2008-07-08 02:56:08',24,2.52298569435905,37.3425759714371,-2.00992585045292,3322.016,1.8405430083312
4,4, '2008-07-08 07:58:55',24,2.53884129795712,36.8449531721979,-2.00797772169488,3305.891,1.83154894145278
4,5, '2008-07-08 18:57:48',24,2.5249786178044,37.9820280279927,-2.01002760140316,3307.938,1.83269186548058
4,6, '2008-07-08 22:57:17',24,2.52063423544937,37.9497177958155,-2.00850819141588,3301.609,1.82916079649628
4,7, '2008-07-09 02:56:41',24,2.63797474275133,37.4613571537347,-2.00928840549536,3278.734,1.81639344308636
4,8, '2008-07-09 06:55:54',24,2.58838913092462,37.1772759056377,-2.0216214811406,3267.484,1.8100758759578
4,9, '2008-07-09 11:26:41',24,2.57200959562189,37.0635582516349,-2.01097330180365,3257.938,1.80474344508585
4,10, '2008-07-10 16:34:39',24,2.52877343061219,37.2681091586555,-2.00982038759364,3291.641,1.82355927189781
4,11, '2008-07-10 20:33:58',24,2.54961670193901,37.465775039222,-2.00947112736087,3272.532,1.81289288751649
4,12, '2008-07-11 00:30:25',24,2.59240329942933,37.1928568992922,-2.00996508490544,3249.594,1.80008605998384
4,13, '2008-07-11 04:28:49',24,2.64483393921905,36.7305637640512,-2.01012501928672,3225.235,1.78648477238806
4,14, '2008-07-11 08:59:08',24,2.63058432211815,36.4494676267493,-2.00985291600461,3211.704,1.77893051688627
4,15, '2008-07-11 14:27:05',24,2.55266286941923,36.8684684080856,-2.01210322033608,3215.812,1.78122655022769
4,16, '2008-07-11 18:25:27',24,2.54674629670415,37.4052730150555,-2.0082569930132,3199.219,1.7719701590374
4,17, '2008-07-11 22:22:05',24,2.58351617150105,37.3822303590342,-2.0066164535025,3185.281,1.76420120900159
4,18, '2008-07-12 02:18:11',24,2.65143438595419,36.9118722047989,-2.00974713325097,3158.875,1.74945971377919
4,19, '2008-07-12 06:45:43',24,2.59047445667555,36.524113959526,-2.00691491447947,3145.828,1.7421863196433
4,20, '2008-07-12 11:15:36',24,2.53724596212974,36.2543516865884,-2.00865755221682,3141.063,1.73952763818877
4,21, '2008-07-12 15:13:28',24,2.61407461475989,36.1003423983833,-2.00765797357329,3118.656,1.72703164035158
4,22, '2008-07-12 18:52:45',24,2.56104237868393,36.234451265566,-2.0091013325102,3088.469,1.71018476759478
4,23, '2008-07-12 22:50:29',24,2.60553367779169,36.2025022194765,-2.01166403414235,3082.844,1.70704154254143
4,24, '2008-07-13 03:19:05',24,2.62710955659233,36.1142141014948,-2.00881004319875,3076.266,1.70337100019028
4,25, '2008-07-14 13:08:20',24,2.58380992419901,36.3360867807838,-2.00731162983209,3149.797,1.74437089781616
4,26, '2008-07-14 17:03:45',24,2.53435887609642,37.0861397878507,-2.00864068678295,3130.406,1.73355157793911
4,27, '2008-07-14 20:57:32',24,2.6490242052314,37.3250113755689,-2.00603381023714,3101.516,1.71745315661195
4,28, '2008-07-15 00:49:58',24,2.62877035262444,37.2828579340336,-2.01044759580184,3083.234,1.70724343357127
4,29, '2008-07-15 05:14:47',24,2.54283244297296,37.1846897795926,-2.00752261079694,3071.984,1.70096992541253
4,30, '2008-07-15 09:43:28',24,2.63495922576817,36.9456633913918,-2.00452333687784,3051.422,1.68952075628673
4,31, '2008-07-15 13:36:47',24,2.64316735394111,37.0336591527122,-2.01299136946277,3029.375,1.67719286164158
4,32, '2008-07-15 17:29:47',24,2.59877003130298,37.4287157748488,-2.01212282439908,3020.484,1.67222347718832
4,33, '2008-07-15 21:21:30',24,2.60464391505967,37.5526908405376,-2.00909667249283,3000.422,1.66102722789844
4,34, '2008-07-16 01:45:13',24,2.59800232957803,37.3626875487114,-2.00981526367207,2985.656,1.65278363562528
4,35, '2008-07-16 06:12:34',24,2.57863116234384,37.2107051428635,-2.01102639620598,2980.844,1.65009556367569
4,36, '2008-07-16 10:05:40',24,2.50478290715374,37.1799907251769,-2.01083012809902,2964.421,1.64092226834409
4,37, '2008-07-16 13:57:42',24,2.63844715318329,37.0356631120821,-2.0094393431827,2932.266,1.6229740677663
4,38, '2008-07-16 17:51:36',24,2.52402655467427,37.5111179347991,-2.01162651493934,2933.578,1.62370719387396
4,39, '2008-07-16 22:13:57',24,2.51057455656724,37.6424136581053,-2.00659993556274,2919.469,1.61584299429317
4,40, '2008-07-18 17:28:12',24,2.50289228950247,37.0419744130314,-2.00823164084626,3030.406,1.67772832583221
4,41, '2008-07-18 21:19:44',24,2.64016450048054,37.0244907469271,-2.0070259909492,2971.844,1.64507958803167
4,42, '2008-07-19 01:10:07',24,2.54950836261792,36.9612886893716,-2.00918097575985,2953.141,1.63464133475677
4,43, '2008-07-19 05:01:04',24,2.53663834610375,36.8561108134407,-2.00987620196647,2924.485,1.61864272018912
4,44, '2008-07-19 09:25:29',24,2.6125755713371,36.6154119289197,-2.00678268594851,2903.234,1.60679657050604
4,45, '2008-07-19 13:53:00',24,2.57875269997639,36.6327523738836,-2.00859463334276,2886.813,1.59763458926322
4,46, '2008-07-29 18:34:27',24,2.51363267437659,36.4294724222242,-2.00881829130083,3121.063,1.72834727946801
4,47, '2008-07-29 22:21:53',24,2.57303868193791,36.4519166266744,-2.01013951179485,3092.656,1.71248560360369
4,48, '2008-07-30 02:09:48',24,2.60416076533158,36.4458341828457,-2.007911592027,3055.422,1.69171822020993
4,49, '2008-07-30 05:57:02',24,2.58110409291361,36.4970204222762,-2.00615224377866,3023.234,1.6737809900925
4,50, '2008-07-30 09:52:21',24,2.58864687735134,36.455889220286,-2.00796794205163,2991.64,1.6561588403255
4,51, '2008-07-30 19:28:07',24,2.63042103243848,37.0859689287078,-2.00807881356005,3002.313,1.66211223620804
4,52, '2008-07-30 23:16:54',24,2.52634859033906,37.1500340375416,-2.0074954502219,2978.969,1.6490947434886
4,53, '2008-07-31 02:46:18',24,2.64823127752186,36.8363675097663,-2.01152898383956,2930.063,1.62176812224314
4,54, '2008-07-31 06:15:17',24,2.52731053000443,36.8512396061278,-2.00462061293235,2916.812,1.61438944787037
4,55, '2008-07-31 10:10:14',24,2.57189955661656,36.8334438920423,-2.00891812877093,2905.141,1.60787664690346
4,56, '2008-08-01 17:46:33',24,2.63664343850423,36.8443680121873,-2.00572837504818,3015.266,1.66923243504295
4,57, '2008-08-01 21:32:12',24,2.63144928549319,36.9595669102216,-2.01012581419617,2955.813,1.63603576558978
4,58, '2008-08-02 01:17:09',24,2.5606892366261,37.047612249026,-2.01255460134842,2918.75,1.61531595692596
4,59, '2008-08-02 05:03:55',24,2.55673043587063,37.0274349103989,-2.00834222816417,2880.875,1.59418652306715
4,60, '2008-08-02 09:26:51',24,2.61951068571624,36.9117770655326,-2.00851464154264,2859.735,1.58239207875542
4,61, '2008-08-02 13:55:03',24,2.6258567883114,36.8529610426629,-2.0117191858537,2847.734,1.57568578932502
4,62, '2008-08-02 17:41:59',24,2.55608267575084,37.1728567956438,-2.00737112614812,2831.109,1.56641563794385
4,63, '2008-08-02 21:29:24',24,2.62503095612362,37.0888151159238,-2.00921724997921,2804.266,1.55143413276574
4,64, '2008-08-03 01:16:07',24,2.58322098582428,37.1718554061544,-2.0089901335696,2788.703,1.54274915680776
4,65, '2008-08-03 05:39:11',24,2.57780620577409,37.2269265538252,-2.00660739353376,2774.109,1.53461459339075
4,66, '2008-08-03 10:08:42',24,2.56415737514895,37.128368645841,-2.00657833256152,2773.25,1.53413580150529
4,67, '2008-08-03 13:54:25',24,2.63386579884997,37.0197348590998,-2.00742906767214,2744.25,1.51796484512682
4,68, '2008-08-03 17:42:28',24,2.54386183975696,37.1517857706704,-2.00848194328396,2727.969,1.50888148553832
4,69, '2008-08-03 21:26:49',24,2.54121035582714,37.2092967059996,-2.00717492385952,2718.843,1.50379329710633
4,70, '2008-08-04 01:48:42',24,2.51275254490481,37.2696086715982,-2.00941851380244,2710.047,1.49888361787094
4,71, '2008-08-04 17:08:25',24,2.57351916754172,37.4055651751163,-2.01148400301028,2776.172,1.53583066778735
4,72, '2008-08-04 20:55:13',24,2.6196010534882,37.5804473320527,-2.00817902314952,2746.922,1.51951421322426
4,73, '2008-08-05 00:41:24',24,2.52636038213399,37.5768782848975,-2.00932782603412,2718.391,1.50358973205632
4,74, '2008-08-05 04:27:50',24,2.58212394809897,37.5823271966646,-2.00742047026606,2702.89,1.49494611408143
4,75, '2008-08-05 08:23:48',24,2.59431477758031,37.4478811204398,-2.00731320691076,2686.906,1.48603364344275
4,76, '2008-08-05 12:50:42',24,2.58828853615257,37.4506863043112,-2.00788907979142,2681.985,1.48328897062006
4,77, '2008-08-05 16:36:12',24,2.63001439963498,37.5394047706473,-2.00772536810702,2656.515,1.46908431364071
4,78, '2008-08-05 20:21:46',24,2.54409761021994,37.8718789440965,-2.00789053074958,2659.375,1.47067947111791
4,79, '2008-08-06 00:06:53',24,2.53383248547154,37.7955366372184,-2.00758666993239,2641.641,1.46078987611664
4,80, '2008-08-06 04:27:52',24,2.5388107310262,37.6385470732895,-2.00864695994398,2623.719,1.45079016200105
4,81, '2008-08-06 08:55:24',24,2.5794298790464,37.4252262352956,-2.01095896260884,2632.437,1.45566003428884
4,82, '2008-08-06 12:40:42',24,2.61556804052357,37.5250200911788,-2.00838845599134,2601.141,1.43820044397809
4,83, '2008-08-06 16:25:32',24,2.62293970876536,37.8028817049228,-2.00988754341803,2595.406,1.434998581461
4,84, '2008-08-06 20:09:11',24,2.59024253640058,37.9791737642215,-2.01214150560721,2588.844,1.43133089463884
4,85, '2008-08-07 00:27:39',24,2.63255343056406,37.8319503089003,-2.00952481416402,2570.234,1.42094276775228
4,86, '2008-08-07 19:05:53',24,2.54937791281557,37.6876629360676,-2.00886935983663,2662.844,1.47262093203408
4,87, '2008-08-07 22:50:51',24,2.5426046270606,37.8024995174289,-2.00784369514067,2632.312,1.45559218656185
4,88, '2008-08-08 02:32:53',24,2.59937153935339,37.5619375406726,-2.01179667309041,2602.125,1.43872271262558
4,89, '2008-08-08 06:16:47',24,2.50568348905109,37.6303612213186,-2.00945715893713,2589.188,1.43150150505192
4,90, '2008-08-08 10:14:50',24,2.6329605391036,37.2697623597456,-2.00808582454946,2553.172,1.41141172198054
4,91, '2008-08-08 20:10:08',24,2.59806973753317,37.8119153986484,-2.00780961757473,2622.859,1.45027789665274
4,92, '2008-08-08 23:54:01',24,2.55647548854813,37.9996720651282,-2.00872251824554,2588.656,1.43119335879398
4,93, '2008-08-09 03:37:06',24,2.55495058854736,38.0963280122434,-2.00887788558497,2573.125,1.42252672478258
4,94, '2008-08-09 07:19:59',24,2.54785246344294,38.1417826151605,-2.01131770982056,2565.969,1.41852867213495
4,95, '2008-08-09 11:36:57',24,2.51535453552503,38.1119800122745,-2.01231436170349,2547.843,1.40839666932377
4,96, '2008-08-09 15:59:02',24,2.53076949121821,38.0898820649473,-2.00777584674191,2553.328,1.41145573891249
4,97, '2008-08-09 19:41:13',24,2.5420717017955,38.1198104280076,-2.01465603287833,2532.484,1.39979088048212
4,98, '2008-08-09 23:22:00',24,2.6166862155012,38.0716185670811,-2.00798538982391,2513.469,1.38918481320782
4,99, '2008-08-10 03:01:08',24,2.62037617182759,38.186667445393,-2.00840066874381,2505.718,1.3848606149902
4,100, '2008-08-10 07:19:08',24,2.5803137038086,38.2466534957163,-2.00970647390985,2499.844,1.38158144392693
4,101, '2008-08-10 11:39:39',24,2.62521093476829,38.0827722352122,-2.00961173902515,2498.312,1.38072624248688
4,102, '2008-08-10 15:21:25',24,2.52986262295824,38.2265748082881,-2.01160919729853,2484.391,1.372947461477
4,103, '2008-08-10 19:01:07',24,2.60309839214765,38.2553499043885,-2.00865551719764,2477.14,1.36890169448944
4,104, '2008-08-10 22:40:10',24,2.61791866051328,38.3340611889491,-2.00831762134867,2467.61,1.36358523145292
4,105, '2008-08-11 02:53:19',24,2.55436320896852,38.4340089208879,-2.00467924379656,2460.641,1.35970450655014
4,106, '2008-08-14 13:04:49',24,2.60990152070025,36.9652153811182,-2.00656637482203,2633.531,1.45606985670097
4,107, '2008-08-14 16:49:56',24,2.5908922164092,37.4596819280604,-2.00619581816907,2615.031,1.44576023930205
4,108, '2008-08-14 20:29:23',24,2.60745443145404,37.7656786892876,-2.0092777166338,2594.14,1.43410028908588
4,109, '2008-08-15 00:08:59',24,2.61434864720434,37.6283375487966,-2.00825995448064,2577.156,1.42462576490063
4,110, '2008-08-15 03:59:10',24,2.62141357953953,37.4996663623203,-2.00770271269697,2552.25,1.41073580829995
4,111, '2008-08-15 08:19:52',24,2.60293287938551,37.3984204264218,-2.01318221335274,2550.969,1.41001945096237
4,112, '2008-08-15 12:00:03',24,2.62812387885813,37.5696007924018,-2.00698187627239,2523.484,1.394696701832
4,113, '2008-08-15 15:37:16',24,2.55394890568155,38.0799064639665,-2.01131410591675,2529.484,1.39804889200852
4,114, '2008-08-15 19:13:34',24,2.56933930377613,38.4389695413763,-2.00830622878036,2520.562,1.3930716397382
4,115, '2008-08-15 23:27:04',24,2.61935590343694,38.2623269759595,-2.00913940857685,2500.92200000001,1.38211066807585
4,116, '2008-08-16 03:52:55',24,2.53235377359272,37.9701489195902,-2.00760578839126,2518.235,1.39176557891319
4,117, '2008-08-16 07:37:37',24,2.61532145056024,37.7203299024464,-2.01069430939325,2483.328,1.37226910495264
4,118, '2008-08-16 11:21:22',24,2.54536403275445,37.6771692106676,-2.00985176332146,2476.25,1.36831751306908
4,119, '2008-08-16 15:02:56',24,2.55250268325535,37.5871277498467,-2.0069388858997,2466.36,1.3628040059631
4,120, '2008-08-16 19:15:49',24,2.569185986574,37.4281387267961,-2.00902651993366,2443.844,1.35023866120676
4,121, '2008-08-18 14:27:16',24,2.60672435120803,37.0134924541154,-2.0113388938541,2573.703,1.42279156604481
4,122, '2008-08-18 18:08:54',24,2.60232991536853,37.4113623135277,-2.00736839537917,2537.234,1.40245636659729
4,123, '2008-08-18 21:48:48',24,2.54555173277842,37.6166673746471,-2.00955539020823,2527.985,1.39729348387395
4,124, '2008-08-19 01:25:43',24,2.61912475668044,37.4908600418432,-2.00900709000494,2505.234,1.38459711712264
4,125, '2008-08-19 05:17:05',24,2.58066592191423,37.5207920428976,-2.00832781622544,2486.281,1.37402382903905
4,126, '2008-08-19 09:39:42',24,2.61741381353835,37.468524115188,-2.0128124718543,2489.11,1.37560556417318
4,127, '2008-08-19 13:17:33',24,2.52384674456658,37.9441524271142,-2.00756916494984,2483,1.37219827317378
4,128, '2008-08-19 16:54:51',24,2.55510625872179,38.3920096858604,-2.00985520789653,2471.891,1.36599619497808
4,129, '2008-08-19 20:32:20',24,2.64396721185261,38.4029342218492,-2.00919900201657,2459.875,1.35928993519802
4,130, '2008-08-20 00:43:05',24,2.58604624921547,38.2920575488917,-2.01130733009872,2439.625,1.34797633146621
4,131, '2008-08-20 05:02:00',24,2.5082325110656,38.1752912098172,-2.0112246063511,2458.922,1.35875705402975
4,132, '2008-08-20 08:37:19',24,2.56608545352374,37.9256750565973,-2.01111678480183,2433.89,1.34477308865277
